start_time,end_time,order_count
2026-04-02T23:03:00.000+05:30,2026-04-02T23:04:00.000+05:30,259
2026-04-02T23:17:00.000+05:30,2026-04-02T23:18:00.000+05:30,277
2026-04-02T22:45:00.000+05:30,2026-04-02T22:46:00.000+05:30,42
2026-04-02T22:48:00.000+05:30,2026-04-02T22:49:00.000+05:30,250
2026-04-01T10:25:00.000+05:30,2026-04-01T10:26:00.000+05:30,291
2026-04-02T23:29:00.000+05:30,2026-04-02T23:30:00.000+05:30,255
2026-04-01T10:28:00.000+05:30,2026-04-01T10:29:00.000+05:30,131
2026-04-02T23:19:00.000+05:30,2026-04-02T23:20:00.000+05:30,253
2026-04-02T23:11:00.000+05:30,2026-04-02T23:12:00.000+05:30,274
2026-04-02T23:13:00.000+05:30,2026-04-02T23:14:00.000+05:30,274
2026-04-02T23:04:00.000+05:30,2026-04-02T23:05:00.000+05:30,246
2026-04-02T23:28:00.000+05:30,2026-04-02T23:29:00.000+05:30,261
2026-04-02T23:08:00.000+05:30,2026-04-02T23:09:00.000+05:30,250
2026-04-02T22:58:00.000+05:30,2026-04-02T22:59:00.000+05:30,263
2026-04-02T22:46:00.000+05:30,2026-04-02T22:47:00.000+05:30,279
2026-04-02T23:02:00.000+05:30,2026-04-02T23:03:00.000+05:30,184
2026-04-02T22:47:00.000+05:30,2026-04-02T22:48:00.000+05:30,265
2026-04-02T23:07:00.000+05:30,2026-04-02T23:08:00.000+05:30,237
2026-03-30T17:13:00.000+05:30,2026-03-30T17:14:00.000+05:30,221
2026-04-02T23:10:00.000+05:30,2026-04-02T23:11:00.000+05:30,274
2026-03-30T17:15:00.000+05:30,2026-03-30T17:16:00.000+05:30,276
2026-04-02T22:49:00.000+05:30,2026-04-02T22:50:00.000+05:30,57
2026-04-02T23:18:00.000+05:30,2026-04-02T23:19:00.000+05:30,278
2026-03-30T17:28:00.000+05:30,2026-03-30T17:29:00.000+05:30,246
2026-04-02T23:32:00.000+05:30,2026-04-02T23:33:00.000+05:30,264
2026-04-01T10:24:00.000+05:30,2026-04-01T10:25:00.000+05:30,249
2026-04-02T23:24:00.000+05:30,2026-04-02T23:25:00.000+05:30,279
2026-04-02T23:12:00.000+05:30,2026-04-02T23:13:00.000+05:30,276
2026-04-02T23:23:00.000+05:30,2026-04-02T23:24:00.000+05:30,239
2026-04-01T10:26:00.000+05:30,2026-04-01T10:27:00.000+05:30,283
2026-03-30T17:14:00.000+05:30,2026-03-30T17:15:00.000+05:30,280
2026-04-02T23:05:00.000+05:30,2026-04-02T23:06:00.000+05:30,48
2026-03-30T17:16:00.000+05:30,2026-03-30T17:17:00.000+05:30,281
2026-04-01T10:27:00.000+05:30,2026-04-01T10:28:00.000+05:30,273
2026-04-02T23:09:00.000+05:30,2026-04-02T23:10:00.000+05:30,254
2026-04-02T22:59:00.000+05:30,2026-04-02T23:00:00.000+05:30,247
2026-04-02T23:00:00.000+05:30,2026-04-02T23:01:00.000+05:30,271
2026-04-02T23:16:00.000+05:30,2026-04-02T23:17:00.000+05:30,279
2026-04-02T23:15:00.000+05:30,2026-04-02T23:16:00.000+05:30,277
2026-04-02T23:25:00.000+05:30,2026-04-02T23:26:00.000+05:30,271
2026-04-02T23:30:00.000+05:30,2026-04-02T23:31:00.000+05:30,278
2026-03-30T17:29:00.000+05:30,2026-03-30T17:30:00.000+05:30,224
2026-04-02T23:27:00.000+05:30,2026-04-02T23:28:00.000+05:30,272
2026-04-02T23:14:00.000+05:30,2026-04-02T23:15:00.000+05:30,280
2026-04-02T23:20:00.000+05:30,2026-04-02T23:21:00.000+05:30,182
2026-04-02T23:26:00.000+05:30,2026-04-02T23:27:00.000+05:30,278
2026-04-02T23:31:00.000+05:30,2026-04-02T23:32:00.000+05:30,277
2026-04-02T22:57:00.000+05:30,2026-04-02T22:58:00.000+05:30,86
2026-03-30T17:17:00.000+05:30,2026-03-30T17:18:00.000+05:30,156
2026-04-02T23:33:00.000+05:30,2026-04-02T23:34:00.000+05:30,52
2026-04-02T23:01:00.000+05:30,2026-04-02T23:02:00.000+05:30,21
